Category,Title,Video URL,Duration seconds,Publisher,Source playlist URL
Public service & broadcast,1990: Helmet Safety Campaign in India - Coconut & Hammer,https://www.youtube.com/watch?v=eSA6JKpT1bQ,39,Guruprasad Gp,https://www.youtube.com/playlist?list=PLycor1XF7S9HVMnWxndl27HgZJM5S8wRT
"Transport, clothing & electronics",1995: Safari Suitcase TV Ad,https://www.youtube.com/watch?v=Rr_EBO1SlqY,21,Guruprasad Gp,https://www.youtube.com/playlist?list=PLycor1XF7S9HVMnWxndl27HgZJM5S8wRT
Food & drink,"1996: Pepsi ""Nothing official about it"" campaign",https://www.youtube.com/watch?v=riwOAtmMhZY,188,Guruprasad Gp,https://www.youtube.com/playlist?list=PLycor1XF7S9HVMnWxndl27HgZJM5S8wRT
"Household, personal care & health",1983: Strepsils icy,https://www.youtube.com/watch?v=YlJYnuAziqs,22,Guruprasad Gp,https://www.youtube.com/playlist?list=PLycor1XF7S9HVMnWxndl27HgZJM5S8wRT
Food & drink,1985: India Maggi - Fast to cook Good to eat,https://www.youtube.com/watch?v=d6iwnkG46IY,34,Guruprasad Gp,https://www.youtube.com/playlist?list=PLycor1XF7S9HVMnWxndl27HgZJM5S8wRT
"Transport, clothing & electronics",Rajdoot,https://www.youtube.com/watch?v=nRCGsIOLMzE,60,Guruprasad Gp,https://www.youtube.com/playlist?list=PLycor1XF7S9HVMnWxndl27HgZJM5S8wRT
"Household, personal care & health",1986: Polar table fans,https://www.youtube.com/watch?v=qHHV7O8-_bI,17,Guruprasad Gp,https://www.youtube.com/playlist?list=PLycor1XF7S9HVMnWxndl27HgZJM5S8wRT
Food & drink,1985: Maggi India ad - Mummy I am Hungry,https://www.youtube.com/watch?v=1Jdj5hcvGYE,33,Guruprasad Gp,https://www.youtube.com/playlist?list=PLycor1XF7S9HVMnWxndl27HgZJM5S8wRT
Food & drink,1985: Maggi India  - Cricket,https://www.youtube.com/watch?v=rmcJ5nq3XJ4,36,Guruprasad Gp,https://www.youtube.com/playlist?list=PLycor1XF7S9HVMnWxndl27HgZJM5S8wRT
"Transport, clothing & electronics",1983: Bombay Dyeing,https://www.youtube.com/watch?v=88aQ9wm57qE,102,Guruprasad Gp,https://www.youtube.com/playlist?list=PLycor1XF7S9HVMnWxndl27HgZJM5S8wRT
"Household, personal care & health",1991: Margo soap,https://www.youtube.com/watch?v=F9QQVSKDdX0,42,Guruprasad Gp,https://www.youtube.com/playlist?list=PLycor1XF7S9HVMnWxndl27HgZJM5S8wRT
Food & drink,1980: Appela softdrink ad,https://www.youtube.com/watch?v=3aMPDimjO-Y,34,Guruprasad Gp,https://www.youtube.com/playlist?list=PLycor1XF7S9HVMnWxndl27HgZJM5S8wRT
Food & drink,1981: Appela softdrink ad,https://www.youtube.com/watch?v=yj_SeOtZPjk,36,Guruprasad Gp,https://www.youtube.com/playlist?list=PLycor1XF7S9HVMnWxndl27HgZJM5S8wRT
"Transport, clothing & electronics",1989: Hot Shot - Just aim and shoot,https://www.youtube.com/watch?v=cGo87tOd_jw,91,Guruprasad Gp,https://www.youtube.com/playlist?list=PLycor1XF7S9HVMnWxndl27HgZJM5S8wRT
"Household, personal care & health",1981: Cibaca tooth powder,https://www.youtube.com/watch?v=-cyeFr-9Xq8,23,Guruprasad Gp,https://www.youtube.com/playlist?list=PLycor1XF7S9HVMnWxndl27HgZJM5S8wRT
Food & drink,1983: Campa Cola young Salman Khan ad,https://www.youtube.com/watch?v=M78wqG7tyCQ,64,Guruprasad Gp,https://www.youtube.com/playlist?list=PLycor1XF7S9HVMnWxndl27HgZJM5S8wRT
"Transport, clothing & electronics",1987: Konica square,https://www.youtube.com/watch?v=JTkWC1Snijs,31,Guruprasad Gp,https://www.youtube.com/playlist?list=PLycor1XF7S9HVMnWxndl27HgZJM5S8wRT
Food & drink,1983: Britannia Good Day biscuit,https://www.youtube.com/watch?v=2gsSy155V-Q,26,Guruprasad Gp,https://www.youtube.com/playlist?list=PLycor1XF7S9HVMnWxndl27HgZJM5S8wRT
"Household, personal care & health",1993: Prudent Mouthwash,https://www.youtube.com/watch?v=CnND1Sdb5e8,16,Guruprasad Gp,https://www.youtube.com/playlist?list=PLycor1XF7S9HVMnWxndl27HgZJM5S8wRT
Food & drink,1981: Britannia Marie,https://www.youtube.com/watch?v=IpUznwhXUjk,45,Guruprasad Gp,https://www.youtube.com/playlist?list=PLycor1XF7S9HVMnWxndl27HgZJM5S8wRT
"Transport, clothing & electronics",1984: VIP Alpha Suitcase,https://www.youtube.com/watch?v=k6ABQPJppEo,41,Guruprasad Gp,https://www.youtube.com/playlist?list=PLycor1XF7S9HVMnWxndl27HgZJM5S8wRT
Public service & broadcast,Anti Smoking Campaign Old Ad - Cigarette in My hand,https://www.youtube.com/watch?v=7M7oRkAaujg,58,All About 90's Life,https://www.youtube.com/playlist?list=PLhgnBue3FjS1UaszaMj5FPFLsG7rvL0Bn
"Household, personal care & health",1997: Preity Zinta Liril ad,https://www.youtube.com/watch?v=HNlN_MAaKik,36,Guruprasad Gp,https://www.youtube.com/playlist?list=PLycor1XF7S9HVMnWxndl27HgZJM5S8wRT
Food & drink,1986: Parle Fudgy,https://www.youtube.com/watch?v=PIoJYXEaFTE,22,Guruprasad Gp,https://www.youtube.com/playlist?list=PLycor1XF7S9HVMnWxndl27HgZJM5S8wRT
Food & drink,1987: Parrys Lacto King,https://www.youtube.com/watch?v=jV-bmjWMDyY,33,Guruprasad Gp,https://www.youtube.com/playlist?list=PLycor1XF7S9HVMnWxndl27HgZJM5S8wRT
"Transport, clothing & electronics",1992: Philips Philivision TV,https://www.youtube.com/watch?v=7RGWOwbKbOc,22,Guruprasad Gp,https://www.youtube.com/playlist?list=PLycor1XF7S9HVMnWxndl27HgZJM5S8wRT
"Household, personal care & health",1998: Hawkins - Mahima Chaudhary,https://www.youtube.com/watch?v=7rtNiPHGnq8,34,Guruprasad Gp,https://www.youtube.com/playlist?list=PLycor1XF7S9HVMnWxndl27HgZJM5S8wRT
Food & drink,1986: Eggs are fun (India),https://www.youtube.com/watch?v=3BDuSU3yho8,21,Guruprasad Gp,https://www.youtube.com/playlist?list=PLycor1XF7S9HVMnWxndl27HgZJM5S8wRT
Food & drink,1986: Eggs are good (India),https://www.youtube.com/watch?v=DCrdcJjkvt0,32,Guruprasad Gp,https://www.youtube.com/playlist?list=PLycor1XF7S9HVMnWxndl27HgZJM5S8wRT
"Transport, clothing & electronics",1983: Royal Touch Leather Seats,https://www.youtube.com/watch?v=DDXoTiuxzgc,66,Guruprasad Gp,https://www.youtube.com/playlist?list=PLycor1XF7S9HVMnWxndl27HgZJM5S8wRT
"Household, personal care & health",1995: Colgate - Aishwarya Rai,https://www.youtube.com/watch?v=Q47y3OxnJy4,37,Guruprasad Gp,https://www.youtube.com/playlist?list=PLycor1XF7S9HVMnWxndl27HgZJM5S8wRT
Food & drink,1989: Horlicks biscuits,https://www.youtube.com/watch?v=HRqA-C8dDGA,30,Guruprasad Gp,https://www.youtube.com/playlist?list=PLycor1XF7S9HVMnWxndl27HgZJM5S8wRT
"Transport, clothing & electronics",1985: Royal Enfield Bullet,https://www.youtube.com/watch?v=JT2AXzUpcOY,64,Guruprasad Gp,https://www.youtube.com/playlist?list=PLycor1XF7S9HVMnWxndl27HgZJM5S8wRT
Food & drink,1991: Top Ramen noodles,https://www.youtube.com/watch?v=TMIGlXRE2ug,32,Guruprasad Gp,https://www.youtube.com/playlist?list=PLycor1XF7S9HVMnWxndl27HgZJM5S8wRT
"Household, personal care & health",1987: Palmolive anti-dandruff shampoo,https://www.youtube.com/watch?v=wwjMgHKjGNo,44,Guruprasad Gp,https://www.youtube.com/playlist?list=PLycor1XF7S9HVMnWxndl27HgZJM5S8wRT
Food & drink,1989: Nissin cuppa noodles (picnic),https://www.youtube.com/watch?v=g7tV77rJfhg,32,Guruprasad Gp,https://www.youtube.com/playlist?list=PLycor1XF7S9HVMnWxndl27HgZJM5S8wRT
"Transport, clothing & electronics",1987: Murphy Color TV,https://www.youtube.com/watch?v=9SwfU8ywDKI,32,Guruprasad Gp,https://www.youtube.com/playlist?list=PLycor1XF7S9HVMnWxndl27HgZJM5S8wRT
Food & drink,1989 Nissin cuppa noodles (lunch),https://www.youtube.com/watch?v=9r86edKmDyg,32,Guruprasad Gp,https://www.youtube.com/playlist?list=PLycor1XF7S9HVMnWxndl27HgZJM5S8wRT
"Household, personal care & health",1983: Max factor,https://www.youtube.com/watch?v=z0EXU_j87A4,65,Guruprasad Gp,https://www.youtube.com/playlist?list=PLycor1XF7S9HVMnWxndl27HgZJM5S8wRT
Food & drink,1985: Vadilal ice cream - What a dream,https://www.youtube.com/watch?v=ODDKZum5OfI,54,Guruprasad Gp,https://www.youtube.com/playlist?list=PLycor1XF7S9HVMnWxndl27HgZJM5S8wRT
"Transport, clothing & electronics",1984: Sipani D1 Car (Maruti 800 competitor),https://www.youtube.com/watch?v=UfAa_XKYqIE,115,Guruprasad Gp,https://www.youtube.com/playlist?list=PLycor1XF7S9HVMnWxndl27HgZJM5S8wRT
Public service & broadcast,Mile Sur Mera Tumhara,https://www.youtube.com/watch?v=JKueG7SnuWk,349,Far Commercials,
"Household, personal care & health",1993: Le Sancy Soap,https://www.youtube.com/watch?v=x7C7h7R_iqY,89,Guruprasad Gp,https://www.youtube.com/playlist?list=PLycor1XF7S9HVMnWxndl27HgZJM5S8wRT
Food & drink,1986: Maltova,https://www.youtube.com/watch?v=58liie07mPI,21,Guruprasad Gp,https://www.youtube.com/playlist?list=PLycor1XF7S9HVMnWxndl27HgZJM5S8wRT
"Transport, clothing & electronics",1987: Atlas Concorde Cycle,https://www.youtube.com/watch?v=ym82-0-Lv3Y,32,Guruprasad Gp,https://www.youtube.com/playlist?list=PLycor1XF7S9HVMnWxndl27HgZJM5S8wRT
Food & drink,1989: Kwality ice cream,https://www.youtube.com/watch?v=Lqw0gQftRVw,30,Guruprasad Gp,https://www.youtube.com/playlist?list=PLycor1XF7S9HVMnWxndl27HgZJM5S8wRT
"Household, personal care & health",1989: Cibaca toothpaste,https://www.youtube.com/watch?v=v0AgGirR0Aw,41,Guruprasad Gp,https://www.youtube.com/playlist?list=PLycor1XF7S9HVMnWxndl27HgZJM5S8wRT
Food & drink,1990: Tata Tea,https://www.youtube.com/watch?v=zzeE05Pg4Y0,43,Guruprasad Gp,https://www.youtube.com/playlist?list=PLycor1XF7S9HVMnWxndl27HgZJM5S8wRT
"Transport, clothing & electronics",1987: Champs from Carona - Kids Shoes,https://www.youtube.com/watch?v=daS_veCD4Rs,32,Guruprasad Gp,https://www.youtube.com/playlist?list=PLycor1XF7S9HVMnWxndl27HgZJM5S8wRT
Food & drink,"1995: Pepsi - Aamir Khan, Mahima Chaudhary & Aishwarya Rai",https://www.youtube.com/watch?v=kw7lMtUks4Y,54,Guruprasad Gp,https://www.youtube.com/playlist?list=PLycor1XF7S9HVMnWxndl27HgZJM5S8wRT
"Household, personal care & health",1995: Indian Stainless Steel,https://www.youtube.com/watch?v=jIQCylReC7A,22,Guruprasad Gp,https://www.youtube.com/playlist?list=PLycor1XF7S9HVMnWxndl27HgZJM5S8wRT
Food & drink,1985: Gold Spot,https://www.youtube.com/watch?v=UlEqOPGdT30,34,Guruprasad Gp,https://www.youtube.com/playlist?list=PLycor1XF7S9HVMnWxndl27HgZJM5S8wRT
"Transport, clothing & electronics",1991: Bajaj Sunny Zip,https://www.youtube.com/watch?v=rSdYbXCuhR4,48,Guruprasad Gp,https://www.youtube.com/playlist?list=PLycor1XF7S9HVMnWxndl27HgZJM5S8wRT
Food & drink,1987: Frooti,https://www.youtube.com/watch?v=STAC2Zfxolc,26,Guruprasad Gp,https://www.youtube.com/playlist?list=PLycor1XF7S9HVMnWxndl27HgZJM5S8wRT
"Household, personal care & health",1986: Nivea,https://www.youtube.com/watch?v=gdzmJgAFHGc,65,Guruprasad Gp,https://www.youtube.com/playlist?list=PLycor1XF7S9HVMnWxndl27HgZJM5S8wRT
Food & drink,1995: Thums Up - Saare Jahan Se Achha,https://www.youtube.com/watch?v=zU7dwgRrGxc,60,Guruprasad Gp,https://www.youtube.com/playlist?list=PLycor1XF7S9HVMnWxndl27HgZJM5S8wRT
"Transport, clothing & electronics",1992: Novino Gold Batteries,https://www.youtube.com/watch?v=k61F1JZhYho,32,Guruprasad Gp,https://www.youtube.com/playlist?list=PLycor1XF7S9HVMnWxndl27HgZJM5S8wRT
Food & drink,1987: Postman refined groundnut oil,https://www.youtube.com/watch?v=X-gp8l1yrTQ,42,Guruprasad Gp,https://www.youtube.com/playlist?list=PLycor1XF7S9HVMnWxndl27HgZJM5S8wRT
"Household, personal care & health",1990: Lakme,https://www.youtube.com/watch?v=eF7RTGmFWsg,32,Guruprasad Gp,https://www.youtube.com/playlist?list=PLycor1XF7S9HVMnWxndl27HgZJM5S8wRT
"Transport, clothing & electronics",1988: Kawasaki Bajaj KB-100 RTZ,https://www.youtube.com/watch?v=OZnzhEQhB2w,33,Guruprasad Gp,https://www.youtube.com/playlist?list=PLycor1XF7S9HVMnWxndl27HgZJM5S8wRT
Food & drink,1994: NesFit - Vinod Kambli - Enriched Glucose,https://www.youtube.com/watch?v=mw-eHnIy4UU,44,Guruprasad Gp,https://www.youtube.com/playlist?list=PLycor1XF7S9HVMnWxndl27HgZJM5S8wRT
Public service & broadcast,Ek Anek Aur Ekta,https://www.youtube.com/watch?v=bI376UnsUMg,426,Films Division,
"Household, personal care & health",1992: Olay,https://www.youtube.com/watch?v=IIC6SsYDmf0,33,Guruprasad Gp,https://www.youtube.com/playlist?list=PLycor1XF7S9HVMnWxndl27HgZJM5S8wRT
Food & drink,1988: Safal - Maneka Gandhi - Go Veg,https://www.youtube.com/watch?v=-2NbO5Sazis,42,Guruprasad Gp,https://www.youtube.com/playlist?list=PLycor1XF7S9HVMnWxndl27HgZJM5S8wRT
"Transport, clothing & electronics",1985: Bombay Dyeing - Dressed to Kill,https://www.youtube.com/watch?v=ULhqoS96-nk,93,Guruprasad Gp,https://www.youtube.com/playlist?list=PLycor1XF7S9HVMnWxndl27HgZJM5S8wRT
Food & drink,1988: Vegepro oil,https://www.youtube.com/watch?v=HFEZ2rqD10I,31,Guruprasad Gp,https://www.youtube.com/playlist?list=PLycor1XF7S9HVMnWxndl27HgZJM5S8wRT
"Household, personal care & health",1985: Teepol liquid cleaner,https://www.youtube.com/watch?v=Iid4UaAj6Sc,43,Guruprasad Gp,https://www.youtube.com/playlist?list=PLycor1XF7S9HVMnWxndl27HgZJM5S8wRT
Food & drink,1986: Britannia Milk Bikis,https://www.youtube.com/watch?v=7rDg-FkBNss,71,Guruprasad Gp,https://www.youtube.com/playlist?list=PLycor1XF7S9HVMnWxndl27HgZJM5S8wRT
"Transport, clothing & electronics",1997: Dinesh Suiting - Lion in Restaurant,https://www.youtube.com/watch?v=qm_YPinscqk,32,Guruprasad Gp,https://www.youtube.com/playlist?list=PLycor1XF7S9HVMnWxndl27HgZJM5S8wRT
Food & drink,1991: Britannia Petit Beurre Biscuits,https://www.youtube.com/watch?v=_vOW1OSeOS8,31,Guruprasad Gp,https://www.youtube.com/playlist?list=PLycor1XF7S9HVMnWxndl27HgZJM5S8wRT
"Household, personal care & health",1993: Polar fans,https://www.youtube.com/watch?v=sLDDfPVqCGo,31,Guruprasad Gp,https://www.youtube.com/playlist?list=PLycor1XF7S9HVMnWxndl27HgZJM5S8wRT
Food & drink,1981: Gagan Vanaspati,https://www.youtube.com/watch?v=p3ybgbvpwyU,32,Guruprasad Gp,https://www.youtube.com/playlist?list=PLycor1XF7S9HVMnWxndl27HgZJM5S8wRT
"Transport, clothing & electronics",Hero Honda Splendor,https://www.youtube.com/watch?v=mH5y-xEsfS0,31,Guruprasad Gp,https://www.youtube.com/playlist?list=PLycor1XF7S9HVMnWxndl27HgZJM5S8wRT
Food & drink,1989: Tea City,https://www.youtube.com/watch?v=f-W0y0Cc1W0,41,Guruprasad Gp,https://www.youtube.com/playlist?list=PLycor1XF7S9HVMnWxndl27HgZJM5S8wRT
"Household, personal care & health",1990: Prestige Pressure Cooker,https://www.youtube.com/watch?v=orLqeDigyOI,21,Guruprasad Gp,https://www.youtube.com/playlist?list=PLycor1XF7S9HVMnWxndl27HgZJM5S8wRT
"Transport, clothing & electronics","Hero Honda ""We Care"" initiative",https://www.youtube.com/watch?v=RdBp4JEiCcg,15,Guruprasad Gp,https://www.youtube.com/playlist?list=PLycor1XF7S9HVMnWxndl27HgZJM5S8wRT
Food & drink,1996: Dhara Jalebi ad,https://www.youtube.com/watch?v=-RqKzZkymG8,62,Guruprasad Gp,https://www.youtube.com/playlist?list=PLycor1XF7S9HVMnWxndl27HgZJM5S8wRT
Food & drink,1984: Lipton Covo Chocolate Spread,https://www.youtube.com/watch?v=8pmyDAvYsNg,32,Guruprasad Gp,https://www.youtube.com/playlist?list=PLycor1XF7S9HVMnWxndl27HgZJM5S8wRT
"Household, personal care & health",1994: Gillette Presto - Sachin Tendulkar,https://www.youtube.com/watch?v=BA217AGRSzc,45,Guruprasad Gp,https://www.youtube.com/playlist?list=PLycor1XF7S9HVMnWxndl27HgZJM5S8wRT
"Transport, clothing & electronics",Hero Honda CBZ commercial 3,https://www.youtube.com/watch?v=qkKSTM4GnM8,30,Guruprasad Gp,https://www.youtube.com/playlist?list=PLycor1XF7S9HVMnWxndl27HgZJM5S8wRT
Food & drink,1985: Volfarm Ketchup,https://www.youtube.com/watch?v=9yN2QNCqojk,41,Guruprasad Gp,https://www.youtube.com/playlist?list=PLycor1XF7S9HVMnWxndl27HgZJM5S8wRT
Public service & broadcast,1987 - Freedom Run | The torch song,https://www.youtube.com/watch?v=rs2ymp_uIuk,167,Prasar Bharati Archives,
"Household, personal care & health",1982: Sunsilk Shampoo,https://www.youtube.com/watch?v=g7Z93bI8kSc,73,Guruprasad Gp,https://www.youtube.com/playlist?list=PLycor1XF7S9HVMnWxndl27HgZJM5S8wRT
Food & drink,1989: Cadbury's Twist,https://www.youtube.com/watch?v=83AetP3w03Y,21,Guruprasad Gp,https://www.youtube.com/playlist?list=PLycor1XF7S9HVMnWxndl27HgZJM5S8wRT
"Transport, clothing & electronics",Hero Honda CBZ commercial 2,https://www.youtube.com/watch?v=gMuZCe6W3jw,58,Guruprasad Gp,https://www.youtube.com/playlist?list=PLycor1XF7S9HVMnWxndl27HgZJM5S8wRT
Food & drink,1986: Active 25 -  PT Usha,https://www.youtube.com/watch?v=pUZJ-YSge5o,23,Guruprasad Gp,https://www.youtube.com/playlist?list=PLycor1XF7S9HVMnWxndl27HgZJM5S8wRT
"Household, personal care & health",1984: Regency tiles,https://www.youtube.com/watch?v=oYVntNh8Na8,60,Guruprasad Gp,https://www.youtube.com/playlist?list=PLycor1XF7S9HVMnWxndl27HgZJM5S8wRT
"Transport, clothing & electronics",Old Bajaj Caliber ad,https://www.youtube.com/watch?v=FO6LZJn7PMg,91,Guruprasad Gp,https://www.youtube.com/playlist?list=PLycor1XF7S9HVMnWxndl27HgZJM5S8wRT
Food & drink,1989: Britannia Good Day - Javed Jaffrey,https://www.youtube.com/watch?v=mZEINi0ZKfQ,36,Guruprasad Gp,https://www.youtube.com/playlist?list=PLycor1XF7S9HVMnWxndl27HgZJM5S8wRT
Food & drink,centre shock TV commercial,https://www.youtube.com/watch?v=5FMqLhoXbbs,41,Guruprasad Gp,https://www.youtube.com/playlist?list=PLycor1XF7S9HVMnWxndl27HgZJM5S8wRT
"Household, personal care & health",1989: Nirma Super Detergent Soap Cake,https://www.youtube.com/watch?v=gPd5NwdkUpY,31,Guruprasad Gp,https://www.youtube.com/playlist?list=PLycor1XF7S9HVMnWxndl27HgZJM5S8wRT
"Transport, clothing & electronics",Very Old ad of Bajaj,https://www.youtube.com/watch?v=GCxA0Ga_XIo,30,Guruprasad Gp,https://www.youtube.com/playlist?list=PLycor1XF7S9HVMnWxndl27HgZJM5S8wRT
Food & drink,1983: Limca - Drink Straight from the Bottle,https://www.youtube.com/watch?v=F-_u0_vo_Rk,152,Guruprasad Gp,https://www.youtube.com/playlist?list=PLycor1XF7S9HVMnWxndl27HgZJM5S8wRT
Food & drink,1990: Hostess Chips - No one can eat just one,https://www.youtube.com/watch?v=yjNbkXDhrbE,63,Guruprasad Gp,https://www.youtube.com/playlist?list=PLycor1XF7S9HVMnWxndl27HgZJM5S8wRT
"Household, personal care & health",1984: Tiara Henna Shampoo,https://www.youtube.com/watch?v=bKDNLaleXKw,66,Guruprasad Gp,https://www.youtube.com/playlist?list=PLycor1XF7S9HVMnWxndl27HgZJM5S8wRT
"Transport, clothing & electronics",Yamaha Escorts ad,https://www.youtube.com/watch?v=16Kk0wnoeCM,31,Guruprasad Gp,https://www.youtube.com/playlist?list=PLycor1XF7S9HVMnWxndl27HgZJM5S8wRT
Food & drink,1989: Lipton Tree Top - Tetra Pak Juice,https://www.youtube.com/watch?v=kAyzuqUB8OM,79,Guruprasad Gp,https://www.youtube.com/playlist?list=PLycor1XF7S9HVMnWxndl27HgZJM5S8wRT
Food & drink,1989: Dabur Hajmola - Masterji,https://www.youtube.com/watch?v=vOQsc6_OUBU,33,Guruprasad Gp,https://www.youtube.com/playlist?list=PLycor1XF7S9HVMnWxndl27HgZJM5S8wRT
"Household, personal care & health",1992: Asian Paints - Happy Diwali Ad,https://www.youtube.com/watch?v=jxvsNdbTyyI,52,Guruprasad Gp,https://www.youtube.com/playlist?list=PLycor1XF7S9HVMnWxndl27HgZJM5S8wRT
"Transport, clothing & electronics",Yamaha RXZ commercial,https://www.youtube.com/watch?v=dR1J3uLmd80,30,Guruprasad Gp,https://www.youtube.com/playlist?list=PLycor1XF7S9HVMnWxndl27HgZJM5S8wRT
Public service & broadcast,Doordarshan's Signature Tune and Montage HD1,https://www.youtube.com/watch?v=iPjXxH7tJpo,73,coolkriks,
Food & drink,"1985: Thums Up - Sunil Gavaskar, Ravi Shastri, Sandeep Patil",https://www.youtube.com/watch?v=Ea2U1QiQljM,40,Guruprasad Gp,https://www.youtube.com/playlist?list=PLycor1XF7S9HVMnWxndl27HgZJM5S8wRT
"Transport, clothing & electronics",Bajaj 4s Champion TV ad 2,https://www.youtube.com/watch?v=KdmNeFkWaGQ,30,Guruprasad Gp,https://www.youtube.com/playlist?list=PLycor1XF7S9HVMnWxndl27HgZJM5S8wRT
"Household, personal care & health",1986: Indian Tinplate,https://www.youtube.com/watch?v=tSHJuPJiais,31,Guruprasad Gp,https://www.youtube.com/playlist?list=PLycor1XF7S9HVMnWxndl27HgZJM5S8wRT
Food & drink,1991: Complan - Shahid Kapoor & Ayesha Takia,https://www.youtube.com/watch?v=BCPtn5Nh3Yw,41,Guruprasad Gp,https://www.youtube.com/playlist?list=PLycor1XF7S9HVMnWxndl27HgZJM5S8wRT
Food & drink,1994: Parle - Melody Khao Khud Jaan Jao,https://www.youtube.com/watch?v=5XeSF3t2j7I,32,Guruprasad Gp,https://www.youtube.com/playlist?list=PLycor1XF7S9HVMnWxndl27HgZJM5S8wRT
"Transport, clothing & electronics",Bajaj 4s Champion TV ad 1,https://www.youtube.com/watch?v=tzbRqdVcOiQ,31,Guruprasad Gp,https://www.youtube.com/playlist?list=PLycor1XF7S9HVMnWxndl27HgZJM5S8wRT
"Household, personal care & health",1987: Hamdard Cinkara - Javed Jaffrey,https://www.youtube.com/watch?v=9lG9WvidYMU,65,Guruprasad Gp,https://www.youtube.com/playlist?list=PLycor1XF7S9HVMnWxndl27HgZJM5S8wRT
Food & drink,1986: Boost - Kapil Dev,https://www.youtube.com/watch?v=tIa5GpPYXv0,34,Guruprasad Gp,https://www.youtube.com/playlist?list=PLycor1XF7S9HVMnWxndl27HgZJM5S8wRT
Food & drink,1982: Kissan Squash,https://www.youtube.com/watch?v=rt0G25nluNg,31,Guruprasad Gp,https://www.youtube.com/playlist?list=PLycor1XF7S9HVMnWxndl27HgZJM5S8wRT
"Transport, clothing & electronics",Bajaj M80 ad,https://www.youtube.com/watch?v=e0T2GZajT0A,45,Guruprasad Gp,https://www.youtube.com/playlist?list=PLycor1XF7S9HVMnWxndl27HgZJM5S8wRT
"Household, personal care & health",1985: Dabur Lal Dant Manjan,https://www.youtube.com/watch?v=Pa_r1R5Blpw,68,Guruprasad Gp,https://www.youtube.com/playlist?list=PLycor1XF7S9HVMnWxndl27HgZJM5S8wRT
Food & drink,1990: Fryums,https://www.youtube.com/watch?v=L-CQx_jIKIQ,31,Guruprasad Gp,https://www.youtube.com/playlist?list=PLycor1XF7S9HVMnWxndl27HgZJM5S8wRT
Food & drink,"1989: Gagan Vanaspati - Khao Gagan, Raho Magan",https://www.youtube.com/watch?v=6H0BQjkAwDQ,66,Guruprasad Gp,https://www.youtube.com/playlist?list=PLycor1XF7S9HVMnWxndl27HgZJM5S8wRT
"Transport, clothing & electronics",TVS Suzuki Fiero Ad 2,https://www.youtube.com/watch?v=WGgD0wDmaIA,21,Guruprasad Gp,https://www.youtube.com/playlist?list=PLycor1XF7S9HVMnWxndl27HgZJM5S8wRT
"Household, personal care & health",1985: Woodwards Gripe Water,https://www.youtube.com/watch?v=HOGGy2zskKk,33,Guruprasad Gp,https://www.youtube.com/playlist?list=PLycor1XF7S9HVMnWxndl27HgZJM5S8wRT
Food & drink,1987: Staminade,https://www.youtube.com/watch?v=BBl9ZCXWUXA,65,Guruprasad Gp,https://www.youtube.com/playlist?list=PLycor1XF7S9HVMnWxndl27HgZJM5S8wRT
"Transport, clothing & electronics",TVS Suzuki Fiero Ad 1,https://www.youtube.com/watch?v=NksisH7oS3U,60,Guruprasad Gp,https://www.youtube.com/playlist?list=PLycor1XF7S9HVMnWxndl27HgZJM5S8wRT
Food & drink,1986: Britannia Glucose D Biscuits - Divya Merchant,https://www.youtube.com/watch?v=V_AN_GUkuPA,32,Guruprasad Gp,https://www.youtube.com/playlist?list=PLycor1XF7S9HVMnWxndl27HgZJM5S8wRT
"Household, personal care & health",1985: Surf - Lalitaji,https://www.youtube.com/watch?v=Xv_jsTWB-W0,55,Guruprasad Gp,https://www.youtube.com/playlist?list=PLycor1XF7S9HVMnWxndl27HgZJM5S8wRT
Public service & broadcast,Old Doordarshan Television News Theme,https://www.youtube.com/watch?v=QnOWB8YIBQM,21,All About 90's Life,
Food & drink,1986: Parry's Milk Chocolate,https://www.youtube.com/watch?v=Rx_2fB-pcGs,21,Guruprasad Gp,https://www.youtube.com/playlist?list=PLycor1XF7S9HVMnWxndl27HgZJM5S8wRT
"Transport, clothing & electronics",Bajaj Wind 125 ad,https://www.youtube.com/watch?v=ResZDz_6lR8,62,Guruprasad Gp,https://www.youtube.com/playlist?list=PLycor1XF7S9HVMnWxndl27HgZJM5S8wRT
"Household, personal care & health",1985-90: Godrej Storwel TV ads (Godrej Storewell Steel Almirah Wardrobe),https://www.youtube.com/watch?v=lMESVqsszno,129,Guruprasad Gp,https://www.youtube.com/playlist?list=PLycor1XF7S9HVMnWxndl27HgZJM5S8wRT
Food & drink,1994: Swad Digestive Drops,https://www.youtube.com/watch?v=NeVR80dmyi4,33,Guruprasad Gp,https://www.youtube.com/playlist?list=PLycor1XF7S9HVMnWxndl27HgZJM5S8wRT
Food & drink,1986: Nespray - Milk Powder from Nestle,https://www.youtube.com/watch?v=kZg5PPGpWd0,42,Guruprasad Gp,https://www.youtube.com/playlist?list=PLycor1XF7S9HVMnWxndl27HgZJM5S8wRT
"Transport, clothing & electronics",1985: Hero Honda CD100 - Young Salman Khan,https://www.youtube.com/watch?v=gVWp7O5PJ7U,73,Guruprasad Gp,https://www.youtube.com/playlist?list=PLycor1XF7S9HVMnWxndl27HgZJM5S8wRT
"Household, personal care & health",1988: Santoor Haldi Chandan Soap,https://www.youtube.com/watch?v=C7y8lg790pk,31,Guruprasad Gp,https://www.youtube.com/playlist?list=PLycor1XF7S9HVMnWxndl27HgZJM5S8wRT
Food & drink,1991: Lehar Pepsi - The choice of a new generation,https://www.youtube.com/watch?v=GDO4UErH2NY,93,Guruprasad Gp,https://www.youtube.com/playlist?list=PLycor1XF7S9HVMnWxndl27HgZJM5S8wRT
"Transport, clothing & electronics",1989: Premier 118NE,https://www.youtube.com/watch?v=wdMQKvSybFo,31,Guruprasad Gp,https://www.youtube.com/playlist?list=PLycor1XF7S9HVMnWxndl27HgZJM5S8wRT
Food & drink,"1982: Gits Instant - Soup Mix, Idli Dosai Mix, Gulab Jamun Mix",https://www.youtube.com/watch?v=Z45nP20sGiw,68,Guruprasad Gp,https://www.youtube.com/playlist?list=PLycor1XF7S9HVMnWxndl27HgZJM5S8wRT
"Household, personal care & health",1982: Prestige Pressure Cooker - Jo biwi se kare pyaar,https://www.youtube.com/watch?v=5nIbrl2vWK0,62,Guruprasad Gp,https://www.youtube.com/playlist?list=PLycor1XF7S9HVMnWxndl27HgZJM5S8wRT
Food & drink,1988: Nescafe Instant Ice Shake,https://www.youtube.com/watch?v=6XYmGNgV1ls,42,Guruprasad Gp,https://www.youtube.com/playlist?list=PLycor1XF7S9HVMnWxndl27HgZJM5S8wRT
"Transport, clothing & electronics",1996: T-Series,https://www.youtube.com/watch?v=HQNBbDxuWJg,49,Guruprasad Gp,https://www.youtube.com/playlist?list=PLycor1XF7S9HVMnWxndl27HgZJM5S8wRT
Food & drink,1990: Big Bite Wraps,https://www.youtube.com/watch?v=akhUKIqeBVw,66,Guruprasad Gp,https://www.youtube.com/playlist?list=PLycor1XF7S9HVMnWxndl27HgZJM5S8wRT
"Household, personal care & health","1982: Vicks Cough Drops - Ishita Arun, Jayant Kripalani",https://www.youtube.com/watch?v=4HOoRxMEYfU,32,Guruprasad Gp,https://www.youtube.com/playlist?list=PLycor1XF7S9HVMnWxndl27HgZJM5S8wRT
Food & drink,1991: Citra - Super Cooler,https://www.youtube.com/watch?v=RagAHq8EXXk,31,Guruprasad Gp,https://www.youtube.com/playlist?list=PLycor1XF7S9HVMnWxndl27HgZJM5S8wRT
"Transport, clothing & electronics",1985: Bajaj Bulbs & Tubes - Jab main chota ladka tha,https://www.youtube.com/watch?v=EH8rMV1dD-8,21,Guruprasad Gp,https://www.youtube.com/playlist?list=PLycor1XF7S9HVMnWxndl27HgZJM5S8wRT
Food & drink,Pan Pasand Shaadi aur tumse Old Indian Doordarshan Ad,https://www.youtube.com/watch?v=nCQlbU7Qqz8,11,All About 90's Life,https://www.youtube.com/playlist?list=PLhgnBue3FjS1UaszaMj5FPFLsG7rvL0Bn
"Household, personal care & health",1983: Dabur Chyawanprash,https://www.youtube.com/watch?v=9-RIkL13zcU,64,Guruprasad Gp,https://www.youtube.com/playlist?list=PLycor1XF7S9HVMnWxndl27HgZJM5S8wRT
Public service & broadcast,TREE OF UNITY - Films Division (1972),https://www.youtube.com/watch?v=JxBQclVWNOg,232,Mithun Naik,
Food & drink,Ronit Roy in Old Vadilal Ad - Old Indian Doordarshan Ad,https://www.youtube.com/watch?v=kQUE4LIpbpo,37,All About 90's Life,https://www.youtube.com/playlist?list=PLhgnBue3FjS1UaszaMj5FPFLsG7rvL0Bn
"Transport, clothing & electronics",1993: Kinetic Safari,https://www.youtube.com/watch?v=u3IQhdDDAbg,37,Guruprasad Gp,https://www.youtube.com/playlist?list=PLycor1XF7S9HVMnWxndl27HgZJM5S8wRT
"Household, personal care & health",1985: Zandu Special Chyavanprash,https://www.youtube.com/watch?v=Yq9vvHoRWec,28,Guruprasad Gp,https://www.youtube.com/playlist?list=PLycor1XF7S9HVMnWxndl27HgZJM5S8wRT
Food & drink,Preity Zinta Cadburys Perk Old Indian Doordarshan Ad,https://www.youtube.com/watch?v=sLtlkFLoCDE,33,All About 90's Life,https://www.youtube.com/playlist?list=PLhgnBue3FjS1UaszaMj5FPFLsG7rvL0Bn
"Transport, clothing & electronics",1995: Philips Audio Video Head Cleaner,https://www.youtube.com/watch?v=2zk0UJeENDg,31,Guruprasad Gp,https://www.youtube.com/playlist?list=PLycor1XF7S9HVMnWxndl27HgZJM5S8wRT
Food & drink,Cadbury's dairy milk Cricket ad old doordarshan,https://www.youtube.com/watch?v=kKXR6ZZ1LU0,41,All About 90's Life,https://www.youtube.com/playlist?list=PLhgnBue3FjS1UaszaMj5FPFLsG7rvL0Bn
"Household, personal care & health",1989: Lacto-Calamine,https://www.youtube.com/watch?v=Om97FNWS3Og,66,Guruprasad Gp,https://www.youtube.com/playlist?list=PLycor1XF7S9HVMnWxndl27HgZJM5S8wRT
Food & drink,Lijjat Papad Commercial Old Doordarshan,https://www.youtube.com/watch?v=24mbYBH95H4,33,All About 90's Life,https://www.youtube.com/playlist?list=PLhgnBue3FjS1UaszaMj5FPFLsG7rvL0Bn
"Transport, clothing & electronics",1993: Bajaj Bulbs,https://www.youtube.com/watch?v=zHXrJiRWecU,21,Guruprasad Gp,https://www.youtube.com/playlist?list=PLycor1XF7S9HVMnWxndl27HgZJM5S8wRT
Food & drink,Sundrop Oil Old Ad Doordarshan,https://www.youtube.com/watch?v=ZjivtgvB7k0,32,All About 90's Life,https://www.youtube.com/playlist?list=PLhgnBue3FjS1UaszaMj5FPFLsG7rvL0Bn
"Household, personal care & health",1990: Seven Seas Cod Liver Oil,https://www.youtube.com/watch?v=QYQZnFz5o8s,35,Guruprasad Gp,https://www.youtube.com/playlist?list=PLycor1XF7S9HVMnWxndl27HgZJM5S8wRT
Food & drink,Aamir Khan 1st Coca Cola Old Indian Doordarshan Ad,https://www.youtube.com/watch?v=2yO4-Oh-JP4,50,All About 90's Life,https://www.youtube.com/playlist?list=PLhgnBue3FjS1UaszaMj5FPFLsG7rvL0Bn
"Transport, clothing & electronics",1985: Piccolo Film Rolls,https://www.youtube.com/watch?v=bbrUips8jCU,30,Guruprasad Gp,https://www.youtube.com/playlist?list=PLycor1XF7S9HVMnWxndl27HgZJM5S8wRT
Food & drink,Gayatri Joshi Cadbury Perk Old Indian Ad,https://www.youtube.com/watch?v=igspHgw0oDI,30,All About 90's Life,https://www.youtube.com/playlist?list=PLhgnBue3FjS1UaszaMj5FPFLsG7rvL0Bn
"Household, personal care & health",1987: Forhan's Freshmint Toothpaste,https://www.youtube.com/watch?v=FC1diN-Ga6c,32,Guruprasad Gp,https://www.youtube.com/playlist?list=PLycor1XF7S9HVMnWxndl27HgZJM5S8wRT
Food & drink,Parle G Dadaji Old Indian Ad,https://www.youtube.com/watch?v=mJaEYOZCeOE,25,All About 90's Life,https://www.youtube.com/playlist?list=PLhgnBue3FjS1UaszaMj5FPFLsG7rvL0Bn
"Transport, clothing & electronics","1978: Bush 2-in-1, Made in India",https://www.youtube.com/watch?v=Hq4T9tlpOrU,114,Guruprasad Gp,https://www.youtube.com/playlist?list=PLycor1XF7S9HVMnWxndl27HgZJM5S8wRT
Food & drink,captain cook Atta,https://www.youtube.com/watch?v=Ge-O_B5ZYfs,62,All About 90's Life,https://www.youtube.com/playlist?list=PLhgnBue3FjS1UaszaMj5FPFLsG7rvL0Bn
"Household, personal care & health",1986: ECE Bulbs & Tubes,https://www.youtube.com/watch?v=7xvfwfUo8iA,65,Guruprasad Gp,https://www.youtube.com/playlist?list=PLycor1XF7S9HVMnWxndl27HgZJM5S8wRT
Public service & broadcast,Purab Se Surya Uga .. Rashtriiya Saksharta Mission old DD advertisement,https://www.youtube.com/watch?v=VMIAmy7sWHw,69,shesh9717,
"Transport, clothing & electronics",1995: Exide,https://www.youtube.com/watch?v=l_9_WlZz8bo,21,Guruprasad Gp,https://www.youtube.com/playlist?list=PLycor1XF7S9HVMnWxndl27HgZJM5S8wRT
Food & drink,Courtney Walsh Old Pepsi Doordarshan ad,https://www.youtube.com/watch?v=NROj5VOJOog,21,All About 90's Life,https://www.youtube.com/playlist?list=PLhgnBue3FjS1UaszaMj5FPFLsG7rvL0Bn
"Household, personal care & health",1992: Lifebuoy Soap,https://www.youtube.com/watch?v=upNyvoJozxs,41,Guruprasad Gp,https://www.youtube.com/playlist?list=PLycor1XF7S9HVMnWxndl27HgZJM5S8wRT
Food & drink,Sachin Tendulkar Old Pepsi Doordarshan ad,https://www.youtube.com/watch?v=iOTF4cZFm6k,21,All About 90's Life,https://www.youtube.com/playlist?list=PLhgnBue3FjS1UaszaMj5FPFLsG7rvL0Bn
"Transport, clothing & electronics",1992: MRF Tyres - AR Rahman's Piano,https://www.youtube.com/watch?v=K9eN9L0gVBk,58,Guruprasad Gp,https://www.youtube.com/playlist?list=PLycor1XF7S9HVMnWxndl27HgZJM5S8wRT
Food & drink,Ian Bishop Old Pepsi Doordarshan ad,https://www.youtube.com/watch?v=azTG2aSkCP8,21,All About 90's Life,https://www.youtube.com/playlist?list=PLhgnBue3FjS1UaszaMj5FPFLsG7rvL0Bn
"Household, personal care & health",1992: Jai Mata - Figured Glass,https://www.youtube.com/watch?v=H_v7sQCvgBQ,32,Guruprasad Gp,https://www.youtube.com/playlist?list=PLycor1XF7S9HVMnWxndl27HgZJM5S8wRT
Food & drink,Dickie Bird Old Pepsi Doordarshan ad,https://www.youtube.com/watch?v=WsfYLRwYQkE,21,All About 90's Life,https://www.youtube.com/playlist?list=PLhgnBue3FjS1UaszaMj5FPFLsG7rvL0Bn
"Transport, clothing & electronics",1990: Graviera Suitings - Salman Khan,https://www.youtube.com/watch?v=DRvglI0RH2o,62,Guruprasad Gp,https://www.youtube.com/playlist?list=PLycor1XF7S9HVMnWxndl27HgZJM5S8wRT
Food & drink,Dominic Cork 2 Old Pepsi Doordarshan ad,https://www.youtube.com/watch?v=VPk5vtk05to,21,All About 90's Life,https://www.youtube.com/playlist?list=PLhgnBue3FjS1UaszaMj5FPFLsG7rvL0Bn
"Household, personal care & health",Classic Toothbrush Old Indian Doordarshan Ad,https://www.youtube.com/watch?v=M3RIwBq7Bzk,20,All About 90's Life,https://www.youtube.com/playlist?list=PLhgnBue3FjS1UaszaMj5FPFLsG7rvL0Bn
"Transport, clothing & electronics",1991: Telco - A Movement - Tata Motors,https://www.youtube.com/watch?v=6uwXn0a1gBc,41,Guruprasad Gp,https://www.youtube.com/playlist?list=PLycor1XF7S9HVMnWxndl27HgZJM5S8wRT
Food & drink,Dominic Cork 1 Old Pepsi Doordarshan ad,https://www.youtube.com/watch?v=gb3ogH47kyY,22,All About 90's Life,https://www.youtube.com/playlist?list=PLhgnBue3FjS1UaszaMj5FPFLsG7rvL0Bn
Food & drink,Azhar Old Pepsi Doordarshan ad,https://www.youtube.com/watch?v=hD_7nlb6AOU,21,All About 90's Life,https://www.youtube.com/playlist?list=PLhgnBue3FjS1UaszaMj5FPFLsG7rvL0Bn
"Household, personal care & health",Original Nerolac Paints Jingle Doordarshan,https://www.youtube.com/watch?v=muQuGtLl8ms,26,All About 90's Life,https://www.youtube.com/playlist?list=PLhgnBue3FjS1UaszaMj5FPFLsG7rvL0Bn
"Household, personal care & health",1995: T-Series Washing Powder,https://www.youtube.com/watch?v=td9NEVRbSfo,30,Guruprasad Gp,https://www.youtube.com/playlist?list=PLycor1XF7S9HVMnWxndl27HgZJM5S8wRT
Food & drink,Old Pepsi ad – cricketers,https://www.youtube.com/watch?v=On8Mhzc3-3Q,32,All About 90's Life,https://www.youtube.com/playlist?list=PLhgnBue3FjS1UaszaMj5FPFLsG7rvL0Bn
Food & drink,Old Cadbury Dairy Milk Bull Ad,https://www.youtube.com/watch?v=vHHMYz967t4,43,All About 90's Life,https://www.youtube.com/playlist?list=PLhgnBue3FjS1UaszaMj5FPFLsG7rvL0Bn
"Household, personal care & health",Shahrukh khan and Gauri in Cinthol Old Indian Ad,https://www.youtube.com/watch?v=YX5n-v99Kck,44,All About 90's Life,https://www.youtube.com/playlist?list=PLhgnBue3FjS1UaszaMj5FPFLsG7rvL0Bn
Public service & broadcast,Baje Sargam har Taraf se ~ Doordarshan ~ Raga Desh ~ ft. Ravi Shankar & Bhimsen Joshi 1990's,https://www.youtube.com/watch?v=Z7qTKevaL8w,644,Aahir Ray,
"Transport, clothing & electronics",Ajenta Clock Dadi Old Indian Ad,https://www.youtube.com/watch?v=-gIXrcJAi4o,31,All About 90's Life,https://www.youtube.com/playlist?list=PLhgnBue3FjS1UaszaMj5FPFLsG7rvL0Bn
Food & drink,Old Cadbury Dairy Milk Mehandi ad,https://www.youtube.com/watch?v=uf0Ktuv3Rzw,41,All About 90's Life,https://www.youtube.com/playlist?list=PLhgnBue3FjS1UaszaMj5FPFLsG7rvL0Bn
"Household, personal care & health",Band Aid featuring Tejan Diwanji Old Indian Doordarshan Ad,https://www.youtube.com/watch?v=X089akf77oQ,30,All About 90's Life,https://www.youtube.com/playlist?list=PLhgnBue3FjS1UaszaMj5FPFLsG7rvL0Bn
Food & drink,Cadbury Dairy Milk Old Indian Doordarshan Ad Full Version,https://www.youtube.com/watch?v=s3V5zMu0Dac,63,All About 90's Life,https://www.youtube.com/playlist?list=PLhgnBue3FjS1UaszaMj5FPFLsG7rvL0Bn
"Transport, clothing & electronics",Lisa Ray Garden Saree Ad Old Indian Ad,https://www.youtube.com/watch?v=UoSR5pLdpxs,33,All About 90's Life,https://www.youtube.com/playlist?list=PLhgnBue3FjS1UaszaMj5FPFLsG7rvL0Bn
Food & drink,Cadbury Dairy Milk Old Indian Doordarshan Ad - Free Bird,https://www.youtube.com/watch?v=zidhmKleHGE,60,All About 90's Life,https://www.youtube.com/playlist?list=PLhgnBue3FjS1UaszaMj5FPFLsG7rvL0Bn
"Household, personal care & health",All Out Old Indian Doordarshan Ad,https://www.youtube.com/watch?v=gA4A6nH_25k,21,All About 90's Life,https://www.youtube.com/playlist?list=PLhgnBue3FjS1UaszaMj5FPFLsG7rvL0Bn
"Transport, clothing & electronics",Hamara BAJAJ (1989) DD old advertisement,https://www.youtube.com/watch?v=scltYH13uEY,42,shesh9717,
Food & drink,Percy Candy Old Indian Doordarshan Ad,https://www.youtube.com/watch?v=aD9MVAKyP2I,15,All About 90's Life,https://www.youtube.com/playlist?list=PLhgnBue3FjS1UaszaMj5FPFLsG7rvL0Bn
Food & drink,"Old Vadilal Ice cream – Deepak Tijor, Prahlad Kakkar, Rahul Bose Doordarshan Ad",https://www.youtube.com/watch?v=GJCTPtTHowU,44,All About 90's Life,https://www.youtube.com/playlist?list=PLhgnBue3FjS1UaszaMj5FPFLsG7rvL0Bn
"Household, personal care & health",Washing Powder Nirma – Historic ad – Edit 1,https://www.youtube.com/watch?v=wpj2qkaE7YQ,68,Kailash Surendranath,
"Transport, clothing & electronics",ONIDA TV - 25 NV - Devil,https://www.youtube.com/watch?v=gljqDw7a3zQ,36,Onida,
Food & drink,Old Vadilal Ice cream – hair cut Doordarshan Ad,https://www.youtube.com/watch?v=Sjj0cgc337w,32,All About 90's Life,https://www.youtube.com/playlist?list=PLhgnBue3FjS1UaszaMj5FPFLsG7rvL0Bn
Food & drink,Old Vadilal Ice cream – Ronit Roy Breakp up Doordarshan Ad,https://www.youtube.com/watch?v=e5Yyj6B0VJo,32,All About 90's Life,https://www.youtube.com/playlist?list=PLhgnBue3FjS1UaszaMj5FPFLsG7rvL0Bn
"Household, personal care & health",Old Indian TV Ad:  Vicco Turmeric Ayurvedic Cream,https://www.youtube.com/watch?v=2BRYGTqouuE,78,Dan Waller,
"Transport, clothing & electronics",Raymond The Complete Man Old Ad | Raymond Old Ad | Raymond advertisement 90s Nostalgic,https://www.youtube.com/watch?v=ESXko78Arcg,41,दूरदर्शन : Doordarshan Memories,
Food & drink,Classic Indian TVC | I Love You Rasna Ad ft. Ankita Jhaveri,https://www.youtube.com/watch?v=4w18TeLaid4,31,My Channel,
